CHANNEL,RSSI,PHASE
902.75,-35.5,2.859679360250327
903.25,-35.5,2.721759841371685
903.75,-35.5,2.600983906775744
904.25,-36.0,2.469631984034179
904.75,-36.0,2.34392264388926
905.25,-36.0,2.1852211541355433
905.75,-36.0,2.049460000184579
906.25,-36.0,1.921006453203039
906.75,-36.0,1.7996138429134765
907.25,-36.5,1.6613859861880227
907.75,-36.5,1.5229114591851194
908.25,-36.5,1.3838819240579567
908.75,-36.5,1.254750033813433
909.25,-36.5,1.121733086699088
909.75,-36.5,0.9762901243582522
910.25,-37.0,0.8430881745358209
910.75,-37.0,0.7136787802291668
911.25,-37.0,0.561390717689123
911.75,-37.0,0.423902871796016
912.25,-37.0,0.28740170701270473
912.75,-37.5,0.15114721250684246
913.25,-37.505025125628144,0.007400108323468419
913.75,-37.5,6.163118549631311
914.25,-37.5,6.013143020942351
914.75,-37.00251256281407,5.877936875115646
915.25,-37.5,5.7327714168369415
915.75,-37.5,5.603855363085185
916.25,-38.0,5.48375777175223
916.75,-37.5,5.325025448213832
917.25,-37.5,5.203602004139587
917.75,-37.5,5.0741617760482525
918.25,-37.5,4.93405305845725
918.75,-38.0,4.797706062597345
919.25,-38.49748743718593,4.670239196725601
919.75,-38.0,4.521620354562612
920.25,-38.0,4.378089086872004
920.75,-38.0,4.227712718982189
921.25,-38.00251256281407,4.09235240423208
921.75,-38.5,3.947834455431677
922.25,-38.5,3.7751652612174147
922.75,-38.5,3.6323123367897927
923.25,-38.5,3.4974453625945805
923.75,-39.0,3.342844766203453
924.25,-39.49748743718593,3.202828549966494
924.75,-39.5,3.0602531296010027
925.25,-39.49748743718593,2.910524271189492
925.75,-39.0,2.792893382631025
926.25,-39.0,2.6456003932093224
926.75,-39.5,2.5137859636975413
927.25,-39.99748743718593,2.4102152809536643
